{
  "with_atmospheric": {
    "atmospheric_elements": true,
    "test_duration": 15,
    "frame_count": 502,
    "avg_fps": 33.43174734362064,
    "min_fps": 9.550959808721393,
    "max_fps": 35.44971559454685,
    "fps_95th_percentile": 31.622070514971142,
    "avg_frame_time_ms": 29.911688124516093,
    "frame_time_std_ms": 4.836033285456341
  },
  "without_atmospheric": {
    "atmospheric_elements": false,
    "test_duration": 15,
    "frame_count": 515,
    "avg_fps": 34.28815810341279,
    "min_fps": 23.176919803944322,
    "max_fps": 36.25906843251841,
    "fps_95th_percentile": 32.23437007662217,
    "avg_frame_time_ms": 29.164587872699627,
    "frame_time_std_ms": 1.2589556659091927
  },
  "performance_impact": {
    "fps_reduction": 0.8564107597921478,
    "fps_reduction_percent": 2.4976866859083544,
    "frame_time_increase_ms": 0.747100251816466,
    "performance_category": "negligible"
  }
}